{
	"credit": "Made with Blockbench",
	"texture_size": [64, 64],
	"textures": {
		"0": "item/texture87",
		"particle": "item/texture87"
	},
	"elements": [
		{
			"from": [5.75, -11, 8],
			"to": [8.25, -1, 9],
			"rotation": {"angle": 0, "axis": "y", "origin": [0, -11, 0]},
			"faces": {
				"north": {"uv": [3.25, 0, 3.5, 2.5], "texture": "#0"},
				"east": {"uv": [3.25, 0, 3.5, 2.5], "texture": "#0"},
				"south": {"uv": [3.25, 0, 3.5, 2.5], "texture": "#0"},
				"west": {"uv": [3.25, 0, 3.5, 2.5], "texture": "#0"},
				"up": {"uv": [3.25, 0, 3.5, 2.5], "texture": "#0"},
				"down": {"uv": [3.25, 0, 3.5, 2.5], "texture": "#0"}
			}
		},
		{
			"from": [5.75, 4.5, 8.25],
			"to": [8.25, 28, 8.75],
			"rotation": {"angle": 0, "axis": "y", "origin": [0, -11, 0]},
			"faces": {
				"north": {"uv": [0, 0, 0.75, 6], "texture": "#0"},
				"east": {"uv": [1.5, 2.5, 1.75, 8.5], "texture": "#0"},
				"south": {"uv": [0.75, 0, 1.5, 6], "texture": "#0"},
				"west": {"uv": [1.75, 2.5, 2, 8.5], "texture": "#0"},
				"up": {"uv": [5, 4.25, 4.25, 4], "texture": "#0"},
				"down": {"uv": [5, 4.25, 4.25, 4.5], "texture": "#0"}
			}
		},
		{
			"from": [-10.5, 29.5, 8.25],
			"to": [-7.5, 30, 8.75],
			"rotation": {"angle": -45, "axis": "z", "origin": [-2, 10, 0]},
			"faces": {
				"north": {"uv": [4.5, 0.5, 5.25, 0.75], "texture": "#0"},
				"east": {"uv": [3.5, 6, 3.75, 6.25], "texture": "#0"},
				"south": {"uv": [4.5, 0.75, 5.25, 1], "texture": "#0"},
				"west": {"uv": [3.75, 6, 4, 6.25], "texture": "#0"},
				"up": {"uv": [5.25, 1.25, 4.5, 1], "texture": "#0"},
				"down": {"uv": [5.25, 1.25, 4.5, 1.5], "texture": "#0"}
			}
		},
		{
			"from": [6, 27.75, 8.25],
			"to": [7, 29, 8.75],
			"rotation": {"angle": 0, "axis": "y", "origin": [-2, 10, 0]},
			"faces": {
				"north": {"uv": [4, 6, 4.25, 6.25], "texture": "#0"},
				"east": {"uv": [4.25, 6, 4.5, 6.25], "texture": "#0"},
				"south": {"uv": [4.5, 6, 4.75, 6.25], "texture": "#0"},
				"west": {"uv": [4.75, 6, 5, 6.25], "texture": "#0"},
				"up": {"uv": [5.25, 6.25, 5, 6], "texture": "#0"},
				"down": {"uv": [5.5, 6, 5.25, 6.25], "texture": "#0"}
			}
		},
		{
			"from": [-10, 29, 8.25],
			"to": [-7.75, 29.5, 8.75],
			"rotation": {"angle": -45, "axis": "z", "origin": [-2, 10, 0]},
			"faces": {
				"north": {"uv": [4.75, 3.5, 5.25, 3.75], "texture": "#0"},
				"east": {"uv": [5.5, 6, 5.75, 6.25], "texture": "#0"},
				"south": {"uv": [2.25, 5.25, 2.75, 5.5], "texture": "#0"},
				"west": {"uv": [6, 5.5, 6.25, 5.75], "texture": "#0"},
				"up": {"uv": [4, 5.5, 3.5, 5.25], "texture": "#0"},
				"down": {"uv": [5.75, 3.5, 5.25, 3.75], "texture": "#0"}
			}
		},
		{
			"from": [5.75, 27.5, 8.25],
			"to": [6.2, 30.15, 8.75],
			"rotation": {"angle": 0, "axis": "z", "origin": [-2, 10, 0]},
			"faces": {
				"north": {"uv": [4.5, 1.5, 4.75, 2.25], "texture": "#0"},
				"east": {"uv": [4.5, 2.25, 4.75, 3], "texture": "#0"},
				"south": {"uv": [4.5, 3, 4.75, 3.75], "texture": "#0"},
				"west": {"uv": [3.5, 4.5, 3.75, 5.25], "texture": "#0"},
				"up": {"uv": [6, 6.25, 5.75, 6], "texture": "#0"},
				"down": {"uv": [6.25, 5.75, 6, 6], "texture": "#0"}
			}
		},
		{
			"from": [5.75, -1.5, 9],
			"to": [8.25, -0.75, 9.5],
			"rotation": {"angle": 0, "axis": "y", "origin": [0, -11, 0]},
			"faces": {
				"north": {"uv": [5.5, 1.75, 4.75, 2], "texture": "#0"},
				"east": {"uv": [5.5, 1.75, 4.75, 2], "texture": "#0"},
				"south": {"uv": [5.5, 1.75, 4.75, 2], "texture": "#0"},
				"west": {"uv": [5.5, 1.75, 4.75, 2], "texture": "#0"},
				"up": {"uv": [5.5, 1.75, 4.75, 2], "texture": "#0"},
				"down": {"uv": [5.5, 1.75, 4.75, 2], "texture": "#0"}
			}
		},
		{
			"from": [5.75, -1.5, 7.5],
			"to": [8.25, -0.75, 8],
			"rotation": {"angle": 0, "axis": "y", "origin": [0, -11, 0]},
			"faces": {
				"north": {"uv": [5.5, 2.75, 4.75, 3], "texture": "#0"},
				"east": {"uv": [5.5, 2.75, 4.75, 3], "texture": "#0"},
				"south": {"uv": [5.5, 2.75, 4.75, 3], "texture": "#0"},
				"west": {"uv": [5.5, 2.75, 4.75, 3], "texture": "#0"},
				"up": {"uv": [5.5, 2.75, 4.75, 3], "texture": "#0"},
				"down": {"uv": [5.5, 2.75, 4.75, 3], "texture": "#0"}
			}
		},
		{
			"from": [7.25, -1.5, 6],
			"to": [9.25, -0.75, 6.5],
			"rotation": {"angle": -22.5, "axis": "y", "origin": [0, -11, 0]},
			"faces": {
				"north": {"uv": [5.75, 4.5, 5.25, 4.75], "texture": "#0"},
				"east": {"uv": [5.75, 4.5, 5.25, 4.75], "texture": "#0"},
				"south": {"uv": [5.75, 4.5, 5.25, 4.75], "texture": "#0"},
				"west": {"uv": [5.75, 4.5, 5.25, 4.75], "texture": "#0"},
				"up": {"uv": [5.75, 4.5, 5.25, 4.75], "texture": "#0"},
				"down": {"uv": [5.75, 4.5, 5.25, 4.75], "texture": "#0"}
			}
		},
		{
			"from": [10.25, -1.5, 3.85],
			"to": [12.25, -0.75, 4.35],
			"rotation": {"angle": -22.5, "axis": "y", "origin": [0, -11, 0]},
			"faces": {
				"north": {"uv": [6, 0, 5.5, 0.25], "texture": "#0"},
				"east": {"uv": [6, 0, 5.5, 0.25], "texture": "#0"},
				"south": {"uv": [6, 0, 5.5, 0.25], "texture": "#0"},
				"west": {"uv": [6, 0, 5.5, 0.25], "texture": "#0"},
				"up": {"uv": [6, 0, 5.5, 0.25], "texture": "#0"},
				"down": {"uv": [6, 0, 5.5, 0.25], "texture": "#0"}
			}
		},
		{
			"from": [0.75, -1.5, 9.2],
			"to": [2.75, -0.75, 9.7],
			"rotation": {"angle": 22.5, "axis": "y", "origin": [0, -11, 0]},
			"faces": {
				"north": {"uv": [6, 1, 5.5, 1.25], "texture": "#0"},
				"east": {"uv": [6, 1, 5.5, 1.25], "texture": "#0"},
				"south": {"uv": [6, 1, 5.5, 1.25], "texture": "#0"},
				"west": {"uv": [6, 1, 5.5, 1.25], "texture": "#0"},
				"up": {"uv": [6, 1, 5.5, 1.25], "texture": "#0"},
				"down": {"uv": [6, 1, 5.5, 1.25], "texture": "#0"}
			}
		},
		{
			"from": [3.75, -1.5, 11.35],
			"to": [5.75, -0.75, 11.85],
			"rotation": {"angle": 22.5, "axis": "y", "origin": [0, -11, 0]},
			"faces": {
				"north": {"uv": [6, 2, 5.5, 2.25], "texture": "#0"},
				"east": {"uv": [6, 2, 5.5, 2.25], "texture": "#0"},
				"south": {"uv": [6, 2, 5.5, 2.25], "texture": "#0"},
				"west": {"uv": [6, 2, 5.5, 2.25], "texture": "#0"},
				"up": {"uv": [6, 2, 5.5, 2.25], "texture": "#0"},
				"down": {"uv": [6, 2, 5.5, 2.25], "texture": "#0"}
			}
		},
		{
			"from": [4.25, -1.5, 8.25],
			"to": [6.25, -0.75, 8.75],
			"rotation": {"angle": 0, "axis": "y", "origin": [0, -11, 0]},
			"faces": {
				"north": {"uv": [6, 2.75, 5.5, 3], "texture": "#0"},
				"east": {"uv": [6, 2.75, 5.5, 3], "texture": "#0"},
				"south": {"uv": [6, 2.75, 5.5, 3], "texture": "#0"},
				"west": {"uv": [6, 2.75, 5.5, 3], "texture": "#0"},
				"up": {"uv": [6, 2.75, 5.5, 3], "texture": "#0"},
				"down": {"uv": [6, 2.75, 5.5, 3], "texture": "#0"}
			}
		},
		{
			"from": [7.8, -1.5, 8.25],
			"to": [9.8, -0.75, 8.75],
			"rotation": {"angle": 0, "axis": "y", "origin": [0, -11, 0]},
			"faces": {
				"north": {"uv": [4.75, 5.5, 4.25, 5.75], "texture": "#0"},
				"east": {"uv": [4.75, 5.5, 4.25, 5.75], "texture": "#0"},
				"south": {"uv": [4.75, 5.5, 4.25, 5.75], "texture": "#0"},
				"west": {"uv": [4.75, 5.5, 4.25, 5.75], "texture": "#0"},
				"up": {"uv": [4.75, 5.5, 4.25, 5.75], "texture": "#0"},
				"down": {"uv": [4.75, 5.5, 4.25, 5.75], "texture": "#0"}
			}
		},
		{
			"from": [5.25, -1.5, 7.8],
			"to": [5.75, -0.75, 9.05],
			"rotation": {"angle": 0, "axis": "y", "origin": [0, -11, 0]},
			"faces": {
				"north": {"uv": [4.25, 6.25, 4, 6.5], "texture": "#0"},
				"east": {"uv": [4.25, 6.25, 4, 6.5], "texture": "#0"},
				"south": {"uv": [4.25, 6.25, 4, 6.5], "texture": "#0"},
				"west": {"uv": [4.25, 6.25, 4, 6.5], "texture": "#0"},
				"up": {"uv": [4.25, 6.25, 4, 6.5], "texture": "#0"},
				"down": {"uv": [4.25, 6.25, 4, 6.5], "texture": "#0"}
			}
		},
		{
			"from": [8.25, -1.5, 7.8],
			"to": [8.75, -0.75, 9.05],
			"rotation": {"angle": 0, "axis": "y", "origin": [0, -11, 0]},
			"faces": {
				"north": {"uv": [5, 6.25, 4.75, 6.5], "texture": "#0"},
				"east": {"uv": [5, 6.25, 4.75, 6.5], "texture": "#0"},
				"south": {"uv": [5, 6.25, 4.75, 6.5], "texture": "#0"},
				"west": {"uv": [5, 6.25, 4.75, 6.5], "texture": "#0"},
				"up": {"uv": [5, 6.25, 4.75, 6.5], "texture": "#0"},
				"down": {"uv": [5, 6.25, 4.75, 6.5], "texture": "#0"}
			}
		},
		{
			"from": [5.5, -1, 8],
			"to": [8.5, 4.5, 9],
			"faces": {
				"north": {"uv": [4, 1.5, 4.25, 3], "texture": "#0"},
				"east": {"uv": [4, 1.5, 4.25, 3], "texture": "#0"},
				"south": {"uv": [4, 1.5, 4.25, 3], "texture": "#0"},
				"west": {"uv": [4, 1.5, 4.25, 3], "texture": "#0"},
				"up": {"uv": [4, 1.5, 4.25, 3], "texture": "#0"},
				"down": {"uv": [4, 1.5, 4.25, 3], "texture": "#0"}
			}
		},
		{
			"from": [4.75, 7, 8],
			"to": [6, 7.5, 9],
			"rotation": {"angle": -22.5, "axis": "z", "origin": [0, 0, 0]},
			"faces": {
				"north": {"uv": [6.25, 5, 6.5, 5.25], "texture": "#0"},
				"east": {"uv": [6.25, 5, 6.5, 5.25], "texture": "#0"},
				"south": {"uv": [6.25, 5, 6.5, 5.25], "texture": "#0"},
				"west": {"uv": [6.25, 5, 6.5, 5.25], "texture": "#0"},
				"up": {"uv": [6.25, 5, 6.5, 5.25], "texture": "#0"},
				"down": {"uv": [6.25, 5, 6.5, 5.25], "texture": "#0"}
			}
		},
		{
			"from": [5.5, 4.5, 8],
			"to": [6.5, 9.5, 9],
			"faces": {
				"north": {"uv": [2.25, 4, 2.5, 5.25], "texture": "#0"},
				"east": {"uv": [2.25, 4, 2.5, 5.25], "texture": "#0"},
				"south": {"uv": [2.25, 4, 2.5, 5.25], "texture": "#0"},
				"west": {"uv": [2.25, 4, 2.5, 5.25], "texture": "#0"},
				"up": {"uv": [2.25, 4, 2.5, 5.25], "texture": "#0"},
				"down": {"uv": [2.25, 4, 2.5, 5.25], "texture": "#0"}
			}
		},
		{
			"from": [7.75, 1, 8],
			"to": [8.75, 4.25, 9],
			"rotation": {"angle": 22.5, "axis": "z", "origin": [0, 0, 0]},
			"faces": {
				"north": {"uv": [4.25, 4.75, 4.5, 5.5], "texture": "#0"},
				"east": {"uv": [4.25, 4.75, 4.5, 5.5], "texture": "#0"},
				"south": {"uv": [4.25, 4.75, 4.5, 5.5], "texture": "#0"},
				"west": {"uv": [4.25, 4.75, 4.5, 5.5], "texture": "#0"},
				"up": {"uv": [4.25, 4.75, 4.5, 5.5], "texture": "#0"},
				"down": {"uv": [4.25, 4.75, 4.5, 5.5], "texture": "#0"}
			}
		},
		{
			"from": [6.25, -1, 7.75],
			"to": [6.5, -0.25, 8],
			"faces": {
				"north": {"uv": [6.25, 6, 6.5, 6.25], "texture": "#0"},
				"east": {"uv": [6.25, 6, 6.5, 6.25], "texture": "#0"},
				"south": {"uv": [6.25, 6, 6.5, 6.25], "texture": "#0"},
				"west": {"uv": [6.25, 6, 6.5, 6.25], "texture": "#0"},
				"up": {"uv": [6.25, 6, 6.5, 6.25], "texture": "#0"},
				"down": {"uv": [6.25, 6, 6.5, 6.25], "texture": "#0"}
			}
		},
		{
			"from": [5.5, 1.25, 9],
			"to": [6.75, 1.5, 9.25],
			"rotation": {"angle": 0, "axis": "y", "origin": [0, 0, 1.25]},
			"faces": {
				"north": {"uv": [0.75, 6.5, 1, 6.75], "texture": "#0"},
				"east": {"uv": [0.75, 6.5, 1, 6.75], "texture": "#0"},
				"south": {"uv": [0.75, 6.5, 1, 6.75], "texture": "#0"},
				"west": {"uv": [0.75, 6.5, 1, 6.75], "texture": "#0"},
				"up": {"uv": [0.75, 6.5, 1, 6.75], "texture": "#0"},
				"down": {"uv": [0.75, 6.5, 1, 6.75], "texture": "#0"}
			}
		},
		{
			"from": [5.5, 0.25, 9],
			"to": [6.25, 0.5, 9.25],
			"rotation": {"angle": 0, "axis": "y", "origin": [0, 0, 1.25]},
			"faces": {
				"north": {"uv": [6.5, 1.5, 6.75, 1.75], "texture": "#0"},
				"east": {"uv": [6.5, 1.5, 6.75, 1.75], "texture": "#0"},
				"south": {"uv": [6.5, 1.5, 6.75, 1.75], "texture": "#0"},
				"west": {"uv": [6.5, 1.5, 6.75, 1.75], "texture": "#0"},
				"up": {"uv": [6.5, 1.5, 6.75, 1.75], "texture": "#0"},
				"down": {"uv": [6.5, 1.5, 6.75, 1.75], "texture": "#0"}
			}
		},
		{
			"from": [8, 0.75, 9],
			"to": [8.25, 5, 9.25],
			"rotation": {"angle": 22.5, "axis": "z", "origin": [0, 0, 1.25]},
			"faces": {
				"north": {"uv": [3.25, 4, 3.5, 5], "texture": "#0"},
				"east": {"uv": [3.25, 4, 3.5, 5], "texture": "#0"},
				"south": {"uv": [3.25, 4, 3.5, 5], "texture": "#0"},
				"west": {"uv": [3.25, 4, 3.5, 5], "texture": "#0"},
				"up": {"uv": [3.25, 4, 3.5, 5], "texture": "#0"},
				"down": {"uv": [3.25, 4, 3.5, 5], "texture": "#0"}
			}
		},
		{
			"from": [7.5, -2, 9],
			"to": [7.75, -0.75, 9.25],
			"rotation": {"angle": 22.5, "axis": "z", "origin": [0, 0, 1.25]},
			"faces": {
				"north": {"uv": [2.75, 6.5, 3, 6.75], "texture": "#0"},
				"east": {"uv": [2.75, 6.5, 3, 6.75], "texture": "#0"},
				"south": {"uv": [2.75, 6.5, 3, 6.75], "texture": "#0"},
				"west": {"uv": [2.75, 6.5, 3, 6.75], "texture": "#0"},
				"up": {"uv": [2.75, 6.5, 3, 6.75], "texture": "#0"},
				"down": {"uv": [2.75, 6.5, 3, 6.75], "texture": "#0"}
			}
		},
		{
			"from": [7, -2.25, 9],
			"to": [7.25, -0.75, 9.25],
			"rotation": {"angle": 22.5, "axis": "z", "origin": [0, 0, 1.25]},
			"faces": {
				"north": {"uv": [5, 5.5, 5.25, 6], "texture": "#0"},
				"east": {"uv": [5, 5.5, 5.25, 6], "texture": "#0"},
				"south": {"uv": [5, 5.5, 5.25, 6], "texture": "#0"},
				"west": {"uv": [5, 5.5, 5.25, 6], "texture": "#0"},
				"up": {"uv": [5, 5.5, 5.25, 6], "texture": "#0"},
				"down": {"uv": [5, 5.5, 5.25, 6], "texture": "#0"}
			}
		},
		{
			"from": [6.5, -2.5, 9],
			"to": [6.75, -1.25, 9.25],
			"rotation": {"angle": 22.5, "axis": "z", "origin": [0, 0, 1.25]},
			"faces": {
				"north": {"uv": [3.75, 6.5, 4, 6.75], "texture": "#0"},
				"east": {"uv": [3.75, 6.5, 4, 6.75], "texture": "#0"},
				"south": {"uv": [3.75, 6.5, 4, 6.75], "texture": "#0"},
				"west": {"uv": [3.75, 6.5, 4, 6.75], "texture": "#0"},
				"up": {"uv": [3.75, 6.5, 4, 6.75], "texture": "#0"},
				"down": {"uv": [3.75, 6.5, 4, 6.75], "texture": "#0"}
			}
		},
		{
			"from": [5.75, -2.75, 9],
			"to": [6, -2, 9.25],
			"rotation": {"angle": 22.5, "axis": "z", "origin": [0, 0, 1.25]},
			"faces": {
				"north": {"uv": [4.5, 6.5, 4.75, 6.75], "texture": "#0"},
				"east": {"uv": [4.5, 6.5, 4.75, 6.75], "texture": "#0"},
				"south": {"uv": [4.5, 6.5, 4.75, 6.75], "texture": "#0"},
				"west": {"uv": [4.5, 6.5, 4.75, 6.75], "texture": "#0"},
				"up": {"uv": [4.5, 6.5, 4.75, 6.75], "texture": "#0"},
				"down": {"uv": [4.5, 6.5, 4.75, 6.75], "texture": "#0"}
			}
		},
		{
			"from": [7, -1, 9],
			"to": [7.25, 0.25, 9.25],
			"rotation": {"angle": 0, "axis": "y", "origin": [0, 0, 1.25]},
			"faces": {
				"north": {"uv": [5.25, 6.5, 5.5, 6.75], "texture": "#0"},
				"east": {"uv": [5.25, 6.5, 5.5, 6.75], "texture": "#0"},
				"south": {"uv": [5.25, 6.5, 5.5, 6.75], "texture": "#0"},
				"west": {"uv": [5.25, 6.5, 5.5, 6.75], "texture": "#0"},
				"up": {"uv": [5.25, 6.5, 5.5, 6.75], "texture": "#0"},
				"down": {"uv": [5.25, 6.5, 5.5, 6.75], "texture": "#0"}
			}
		},
		{
			"from": [8.25, -1.75, 9],
			"to": [8.5, -1, 9.25],
			"rotation": {"angle": 22.5, "axis": "z", "origin": [0, 0, 1.25]},
			"faces": {
				"north": {"uv": [6, 6.5, 6.25, 6.75], "texture": "#0"},
				"east": {"uv": [6, 6.5, 6.25, 6.75], "texture": "#0"},
				"south": {"uv": [6, 6.5, 6.25, 6.75], "texture": "#0"},
				"west": {"uv": [6, 6.5, 6.25, 6.75], "texture": "#0"},
				"up": {"uv": [6, 6.5, 6.25, 6.75], "texture": "#0"},
				"down": {"uv": [6, 6.5, 6.25, 6.75], "texture": "#0"}
			}
		},
		{
			"from": [4.75, 6.5, 9],
			"to": [6.5, 6.75, 9.25],
			"rotation": {"angle": -22.5, "axis": "z", "origin": [0, 0, 1.25]},
			"faces": {
				"north": {"uv": [2.25, 5.75, 2.75, 6], "texture": "#0"},
				"east": {"uv": [2.25, 5.75, 2.75, 6], "texture": "#0"},
				"south": {"uv": [2.25, 5.75, 2.75, 6], "texture": "#0"},
				"west": {"uv": [2.25, 5.75, 2.75, 6], "texture": "#0"},
				"up": {"uv": [2.25, 5.75, 2.75, 6], "texture": "#0"},
				"down": {"uv": [2.25, 5.75, 2.75, 6], "texture": "#0"}
			}
		},
		{
			"from": [4.75, 5.25, 9],
			"to": [6.75, 5.5, 9.25],
			"rotation": {"angle": -22.5, "axis": "z", "origin": [0, 0, 1.25]},
			"faces": {
				"north": {"uv": [3.75, 5.75, 4.25, 6], "texture": "#0"},
				"east": {"uv": [3.75, 5.75, 4.25, 6], "texture": "#0"},
				"south": {"uv": [3.75, 5.75, 4.25, 6], "texture": "#0"},
				"west": {"uv": [3.75, 5.75, 4.25, 6], "texture": "#0"},
				"up": {"uv": [3.75, 5.75, 4.25, 6], "texture": "#0"},
				"down": {"uv": [3.75, 5.75, 4.25, 6], "texture": "#0"}
			}
		},
		{
			"from": [5.5, 3, 9],
			"to": [6.5, 3.25, 9.25],
			"rotation": {"angle": 0, "axis": "y", "origin": [0, 0, 1.25]},
			"faces": {
				"north": {"uv": [6.75, 0.5, 7, 0.75], "texture": "#0"},
				"east": {"uv": [6.75, 0.5, 7, 0.75], "texture": "#0"},
				"south": {"uv": [6.75, 0.5, 7, 0.75], "texture": "#0"},
				"west": {"uv": [6.75, 0.5, 7, 0.75], "texture": "#0"},
				"up": {"uv": [6.75, 0.5, 7, 0.75], "texture": "#0"},
				"down": {"uv": [6.75, 0.5, 7, 0.75], "texture": "#0"}
			}
		},
		{
			"from": [5.5, 2, 9],
			"to": [7.5, 2.25, 9.25],
			"rotation": {"angle": 0, "axis": "y", "origin": [0, 0, 1.25]},
			"faces": {
				"north": {"uv": [5.75, 4.25, 6.25, 4.5], "texture": "#0"},
				"east": {"uv": [5.75, 4.25, 6.25, 4.5], "texture": "#0"},
				"south": {"uv": [5.75, 4.25, 6.25, 4.5], "texture": "#0"},
				"west": {"uv": [5.75, 4.25, 6.25, 4.5], "texture": "#0"},
				"up": {"uv": [5.75, 4.25, 6.25, 4.5], "texture": "#0"},
				"down": {"uv": [5.75, 4.25, 6.25, 4.5], "texture": "#0"}
			}
		},
		{
			"from": [7.5, -1, 9],
			"to": [7.75, 1.5, 9.25],
			"rotation": {"angle": 0, "axis": "y", "origin": [0, 0, 1.25]},
			"faces": {
				"north": {"uv": [4, 5, 4.25, 5.75], "texture": "#0"},
				"east": {"uv": [4, 5, 4.25, 5.75], "texture": "#0"},
				"south": {"uv": [4, 5, 4.25, 5.75], "texture": "#0"},
				"west": {"uv": [4, 5, 4.25, 5.75], "texture": "#0"},
				"up": {"uv": [4, 5, 4.25, 5.75], "texture": "#0"},
				"down": {"uv": [4, 5, 4.25, 5.75], "texture": "#0"}
			}
		},
		{
			"from": [6.25, -1, 9],
			"to": [6.5, -0.25, 9.25],
			"rotation": {"angle": 0, "axis": "y", "origin": [0, 0, 1.25]},
			"faces": {
				"north": {"uv": [6.75, 2, 7, 2.25], "texture": "#0"},
				"east": {"uv": [6.75, 2, 7, 2.25], "texture": "#0"},
				"south": {"uv": [6.75, 2, 7, 2.25], "texture": "#0"},
				"west": {"uv": [6.75, 2, 7, 2.25], "texture": "#0"},
				"up": {"uv": [6.75, 2, 7, 2.25], "texture": "#0"},
				"down": {"uv": [6.75, 2, 7, 2.25], "texture": "#0"}
			}
		},
		{
			"from": [7.5, -1, 7.75],
			"to": [7.75, 1.5, 8],
			"faces": {
				"north": {"uv": [5, 4.75, 5.25, 5.5], "texture": "#0"},
				"east": {"uv": [5, 4.75, 5.25, 5.5], "texture": "#0"},
				"south": {"uv": [5, 4.75, 5.25, 5.5], "texture": "#0"},
				"west": {"uv": [5, 4.75, 5.25, 5.5], "texture": "#0"},
				"up": {"uv": [5, 4.75, 5.25, 5.5], "texture": "#0"},
				"down": {"uv": [5, 4.75, 5.25, 5.5], "texture": "#0"}
			}
		},
		{
			"from": [5.5, 2, 7.75],
			"to": [7.5, 2.25, 8],
			"faces": {
				"north": {"uv": [5.75, 5, 6.25, 5.25], "texture": "#0"},
				"east": {"uv": [5.75, 5, 6.25, 5.25], "texture": "#0"},
				"south": {"uv": [5.75, 5, 6.25, 5.25], "texture": "#0"},
				"west": {"uv": [5.75, 5, 6.25, 5.25], "texture": "#0"},
				"up": {"uv": [5.75, 5, 6.25, 5.25], "texture": "#0"},
				"down": {"uv": [5.75, 5, 6.25, 5.25], "texture": "#0"}
			}
		},
		{
			"from": [5.5, 3, 7.75],
			"to": [6.5, 3.25, 8],
			"faces": {
				"north": {"uv": [6.75, 3, 7, 3.25], "texture": "#0"},
				"east": {"uv": [6.75, 3, 7, 3.25], "texture": "#0"},
				"south": {"uv": [6.75, 3, 7, 3.25], "texture": "#0"},
				"west": {"uv": [6.75, 3, 7, 3.25], "texture": "#0"},
				"up": {"uv": [6.75, 3, 7, 3.25], "texture": "#0"},
				"down": {"uv": [6.75, 3, 7, 3.25], "texture": "#0"}
			}
		},
		{
			"from": [4.75, 5.25, 7.75],
			"to": [6.75, 5.5, 8],
			"rotation": {"angle": -22.5, "axis": "z", "origin": [0, 0, 0]},
			"faces": {
				"north": {"uv": [6, 0, 6.5, 0.25], "texture": "#0"},
				"east": {"uv": [6, 0, 6.5, 0.25], "texture": "#0"},
				"south": {"uv": [6, 0, 6.5, 0.25], "texture": "#0"},
				"west": {"uv": [6, 0, 6.5, 0.25], "texture": "#0"},
				"up": {"uv": [6, 0, 6.5, 0.25], "texture": "#0"},
				"down": {"uv": [6, 0, 6.5, 0.25], "texture": "#0"}
			}
		},
		{
			"from": [4.75, 6.5, 7.75],
			"to": [6.5, 6.75, 8],
			"rotation": {"angle": -22.5, "axis": "z", "origin": [0, 0, 0]},
			"faces": {
				"north": {"uv": [6, 0.75, 6.5, 1], "texture": "#0"},
				"east": {"uv": [6, 0.75, 6.5, 1], "texture": "#0"},
				"south": {"uv": [6, 0.75, 6.5, 1], "texture": "#0"},
				"west": {"uv": [6, 0.75, 6.5, 1], "texture": "#0"},
				"up": {"uv": [6, 0.75, 6.5, 1], "texture": "#0"},
				"down": {"uv": [6, 0.75, 6.5, 1], "texture": "#0"}
			}
		},
		{
			"from": [8.25, -1.75, 7.75],
			"to": [8.5, -1, 8],
			"rotation": {"angle": 22.5, "axis": "z", "origin": [0, 0, 0]},
			"faces": {
				"north": {"uv": [6.75, 4.25, 7, 4.5], "texture": "#0"},
				"east": {"uv": [6.75, 4.25, 7, 4.5], "texture": "#0"},
				"south": {"uv": [6.75, 4.25, 7, 4.5], "texture": "#0"},
				"west": {"uv": [6.75, 4.25, 7, 4.5], "texture": "#0"},
				"up": {"uv": [6.75, 4.25, 7, 4.5], "texture": "#0"},
				"down": {"uv": [6.75, 4.25, 7, 4.5], "texture": "#0"}
			}
		},
		{
			"from": [7, -1, 7.75],
			"to": [7.25, 0.25, 8],
			"faces": {
				"north": {"uv": [6.75, 5, 7, 5.25], "texture": "#0"},
				"east": {"uv": [6.75, 5, 7, 5.25], "texture": "#0"},
				"south": {"uv": [6.75, 5, 7, 5.25], "texture": "#0"},
				"west": {"uv": [6.75, 5, 7, 5.25], "texture": "#0"},
				"up": {"uv": [6.75, 5, 7, 5.25], "texture": "#0"},
				"down": {"uv": [6.75, 5, 7, 5.25], "texture": "#0"}
			}
		},
		{
			"from": [5.75, -2.75, 7.75],
			"to": [6, -2, 8],
			"rotation": {"angle": 22.5, "axis": "z", "origin": [0, 0, 0]},
			"faces": {
				"north": {"uv": [6.75, 5.75, 7, 6], "texture": "#0"},
				"east": {"uv": [6.75, 5.75, 7, 6], "texture": "#0"},
				"south": {"uv": [6.75, 5.75, 7, 6], "texture": "#0"},
				"west": {"uv": [6.75, 5.75, 7, 6], "texture": "#0"},
				"up": {"uv": [6.75, 5.75, 7, 6], "texture": "#0"},
				"down": {"uv": [6.75, 5.75, 7, 6], "texture": "#0"}
			}
		},
		{
			"from": [6.5, -2.5, 7.75],
			"to": [6.75, -1.25, 8],
			"rotation": {"angle": 22.5, "axis": "z", "origin": [0, 0, 0]},
			"faces": {
				"north": {"uv": [6.75, 6.5, 7, 6.75], "texture": "#0"},
				"east": {"uv": [6.75, 6.5, 7, 6.75], "texture": "#0"},
				"south": {"uv": [6.75, 6.5, 7, 6.75], "texture": "#0"},
				"west": {"uv": [6.75, 6.5, 7, 6.75], "texture": "#0"},
				"up": {"uv": [6.75, 6.5, 7, 6.75], "texture": "#0"},
				"down": {"uv": [6.75, 6.5, 7, 6.75], "texture": "#0"}
			}
		},
		{
			"from": [7, -2.25, 7.75],
			"to": [7.25, -0.75, 8],
			"rotation": {"angle": 22.5, "axis": "z", "origin": [0, 0, 0]},
			"faces": {
				"north": {"uv": [6, 1.5, 6.25, 2], "texture": "#0"},
				"east": {"uv": [6, 1.5, 6.25, 2], "texture": "#0"},
				"south": {"uv": [6, 1.5, 6.25, 2], "texture": "#0"},
				"west": {"uv": [6, 1.5, 6.25, 2], "texture": "#0"},
				"up": {"uv": [6, 1.5, 6.25, 2], "texture": "#0"},
				"down": {"uv": [6, 1.5, 6.25, 2], "texture": "#0"}
			}
		},
		{
			"from": [7.5, -2, 7.75],
			"to": [7.75, -0.75, 8],
			"rotation": {"angle": 22.5, "axis": "z", "origin": [0, 0, 0]},
			"faces": {
				"north": {"uv": [0.75, 7, 1, 7.25], "texture": "#0"},
				"east": {"uv": [0.75, 7, 1, 7.25], "texture": "#0"},
				"south": {"uv": [0.75, 7, 1, 7.25], "texture": "#0"},
				"west": {"uv": [0.75, 7, 1, 7.25], "texture": "#0"},
				"up": {"uv": [0.75, 7, 1, 7.25], "texture": "#0"},
				"down": {"uv": [0.75, 7, 1, 7.25], "texture": "#0"}
			}
		},
		{
			"from": [8, 1, 7.75],
			"to": [8.25, 5, 8],
			"rotation": {"angle": 22.5, "axis": "z", "origin": [0, 0, 0]},
			"faces": {
				"north": {"uv": [4.25, 0, 4.5, 1], "texture": "#0"},
				"east": {"uv": [4.25, 0, 4.5, 1], "texture": "#0"},
				"south": {"uv": [4.25, 0, 4.5, 1], "texture": "#0"},
				"west": {"uv": [4.25, 0, 4.5, 1], "texture": "#0"},
				"up": {"uv": [4.25, 0, 4.5, 1], "texture": "#0"},
				"down": {"uv": [4.25, 0, 4.5, 1], "texture": "#0"}
			}
		},
		{
			"from": [5.5, 0.25, 7.75],
			"to": [6.25, 0.5, 8],
			"faces": {
				"north": {"uv": [2, 7, 2.25, 7.25], "texture": "#0"},
				"east": {"uv": [2, 7, 2.25, 7.25], "texture": "#0"},
				"south": {"uv": [2, 7, 2.25, 7.25], "texture": "#0"},
				"west": {"uv": [2, 7, 2.25, 7.25], "texture": "#0"},
				"up": {"uv": [2, 7, 2.25, 7.25], "texture": "#0"},
				"down": {"uv": [2, 7, 2.25, 7.25], "texture": "#0"}
			}
		},
		{
			"from": [5.5, 1.25, 7.75],
			"to": [6.75, 1.5, 8],
			"faces": {
				"north": {"uv": [2.75, 7, 3, 7.25], "texture": "#0"},
				"east": {"uv": [2.75, 7, 3, 7.25], "texture": "#0"},
				"south": {"uv": [2.75, 7, 3, 7.25], "texture": "#0"},
				"west": {"uv": [2.75, 7, 3, 7.25], "texture": "#0"},
				"up": {"uv": [2.75, 7, 3, 7.25], "texture": "#0"},
				"down": {"uv": [2.75, 7, 3, 7.25], "texture": "#0"}
			}
		},
		{
			"from": [6.5, -10.25, 7.75],
			"to": [7.5, -9.25, 9.25],
			"faces": {
				"north": {"uv": [3.5, 7, 3.75, 7.25], "texture": "#0"},
				"east": {"uv": [3.5, 7, 3.75, 7.25], "texture": "#0"},
				"south": {"uv": [3.5, 7, 3.75, 7.25], "texture": "#0"},
				"west": {"uv": [3.5, 7, 3.75, 7.25], "texture": "#0"},
				"up": {"uv": [3.5, 7, 3.75, 7.25], "texture": "#0"},
				"down": {"uv": [3.5, 7, 3.75, 7.25], "texture": "#0"}
			}
		}
	],
	"display": {
		"thirdperson_righthand": {
			"rotation": [-174, 90, 174],
			"translation": [0, 11.75, 0.5],
			"scale": [0.75, 1, 0.75]
		},
		"thirdperson_lefthand": {
			"rotation": [-12.8, -90, -14.43],
			"translation": [0, 11, 0.75],
			"scale": [0.75, 1, 0.75]
		},
		"firstperson_righthand": {
			"rotation": [-22.5, 90, 0],
			"translation": [0, 7.75, -2.75],
			"scale": [0.75, 0.75, 0.75]
		},
		"firstperson_lefthand": {
			"rotation": [-22.5, -90, 0],
			"translation": [0, 7.75, -2.75],
			"scale": [0.75, 0.75, 0.75]
		},
		"ground": {
			"translation": [0, 14.75, 0],
			"scale": [0.75, 1, 0.75]
		},
		"gui": {
			"rotation": [-180, 0, 125],
			"scale": [0.75, 1, 0.75]
		},
		"fixed": {
			"rotation": [0, 0, -45],
			"translation": [0, 0, -1.75],
			"scale": [0.75, 1, 0.75]
		}
	},
	"groups": [
		{
			"name": "group",
			"origin": [0, 0, 0],
			"color": 0,
			"children": [
				{
					"name": "group",
					"origin": [0, 0, 0],
					"color": 0,
					"children": [
						0,
						1,
						2,
						{
							"name": "group",
							"origin": [-2, 10, 0],
							"color": 0,
							"children": []
						},
						3,
						4,
						5,
						6,
						7,
						8,
						9,
						10,
						11,
						12,
						13,
						14,
						15,
						16,
						{
							"name": "group",
							"origin": [0, 0, 0],
							"color": 0,
							"children": []
						},
						17,
						18,
						19,
						20,
						21,
						22,
						23,
						24,
						25,
						26,
						27,
						28,
						29,
						30,
						31,
						32,
						33,
						34,
						35,
						36,
						37,
						38,
						39,
						40,
						41,
						42,
						43,
						44,
						45,
						46,
						47,
						48,
						49,
						50
					]
				}
			]
		}
	]
}