{
	"credit": "Made with Blockbench",
	"parent": "item/handheld",
	"textures": {
		"layer0": "item/ddd"
	},
	"display": {
		"thirdperson_righthand": {
			"rotation": [51.25, 90, 0],
			"translation": [-0.5, 3.25, 1.5],
			"scale": [0.5, 0.5, 0.5]
		},
		"thirdperson_lefthand": {
			"rotation": [-41, 90, 0],
			"translation": [0, 4, 1.75],
			"scale": [0.5, 0.5, 0.5]
		},
		"firstperson_righthand": {
			"rotation": [0, -90, 15],
			"translation": [0, 2, 0]
		},
		"firstperson_lefthand": {
			"rotation": [-12.5, 90, 0],
			"translation": [0, 2, 0]
		}
	}
}