{
    "parent": "item/handheld" ,
    "textures": {
        "layer0": "item/diamond_pickaxe"
    },
	"overrides" :[
		{"predicate":{"custom_model_data":1},"model":"item/fff"},
		{"predicate":{"custom_model_data":2},"model":"item/magic_crystal"},
		{"predicate":{"custom_model_data":3},"model":"item/mmy"},
		{"predicate":{"custom_model_data":4},"model":"item/nether_star2"},
		{"predicate":{"custom_model_data":5},"model":"item/slimeball"},
		{"predicate":{"custom_model_data":6},"model":"item/potato_poisonous2"},
		{"predicate":{"custom_model_data":7},"model":"item/emerald_hoe"}
	]
}
