{
    "parent": "item/handheld",
    "textures": {
        "layer0": "item/diamond_sword"
    },
	"overrides" :[
		{"predicate":{"custom_model_data":1},"model":"item/dark_sword_1-1"},
		{"predicate":{"custom_model_data":2},"model":"item/ccc"},
		{"predicate":{"custom_model_data":3},"model":"item/ggg"},
		{"predicate":{"custom_model_data":4},"model":"item/eee"},
		{"predicate":{"custom_model_data":5},"model":"item/qwq"},
		{"predicate":{"custom_model_data":6},"model":"item/emerald_hoe"}
	]
}
