{
	"credit": "Made with Blockbench",
	"parent": "item/handheld",
	"textures": {
		"layer0": "item/eee"
	},
	"display": {
		"thirdperson_righthand": {
			"rotation": [31.75, -88.75, 73.75],
			"translation": [-0.5, 6.25, 1.5]
		},
		"thirdperson_lefthand": {
			"rotation": [-41, 90, 0],
			"translation": [0, 7.25, 1.75]
		},
		"firstperson_righthand": {
			"rotation": [0, -90, 15],
			"translation": [0, 2, 0]
		},
		"firstperson_lefthand": {
			"rotation": [-12.5, 90, 0],
			"translation": [0, 2, 0]
		},
		"ground": {
			"translation": [0, 4, 0]
		}
	}
}