{
	"credit": "Made with Blockbench",
	"parent": "item/handheld_rod",
	"textures": {
		"layer0": "item/green_dye"
	},
	"overrides": [
		{"predicate": {"custom_model_data": 1}, "model": "item/dna"},
		{"predicate": {"custom_model_data": 2}, "model": "item/aaa"},
		{"predicate": {"custom_model_data": 3}, "model": "item/iron_hoe"},
		{"predicate": {"custom_model_data": 4}, "model": "item/golden_hoe"},
		{"predicate": {"custom_model_data": 5}, "model": "item/diamond_hoe"},
		{"predicate": {"custom_model_data": 6}, "model": "item/emerald_hoe"}
	],
	"display": {
		"thirdperson_righthand": {
			"rotation": [0, 90, 0],
			"translation": [0, 1.75, 0.5],
			"scale": [0.5, 0.5, 0.5]
		},
		"thirdperson_lefthand": {
			"rotation": [0, 90, 0],
			"translation": [0, 1.75, 0.5],
			"scale": [0.5, 0.5, 0.5]
		},
		"firstperson_righthand": {
			"rotation": [0, -90, 15],
			"translation": [0, 2, 0]
		},
		"firstperson_lefthand": {
			"rotation": [0, 90, 15],
			"translation": [0, 2, 0]
		}
	}
}