{
    "parent": "item/handheld",
    "textures": {
        "layer0": "item/iron_sword"
    },
	"overrides" :[
		{"predicate":{"custom_model_data":1},"model":"item/ddd"},
		{"predicate":{"custom_model_data":2},"model":"item/ccc"},
		{"predicate":{"custom_model_data":3},"model":"item/iron_hoe"},
		{"predicate":{"custom_model_data":4},"model":"item/ccc"},
		{"predicate":{"custom_model_data":5},"model":"item/diamond_hoe"},
		{"predicate":{"custom_model_data":6},"model":"item/emerald_hoe"}
	]
}
