{
	"credit": "Made with Blockbench",
	"textures": {
		"2": "item/texture20",
		"3": "item/texture32"
	},
	"elements": [
		{
			"from": [11.25, -6, 7.25],
			"to": [12.75, 30, 8.75],
			"faces": {
				"north": {"uv": [0, 2.9375, 0, 2.9375], "texture": "#2"},
				"east": {"uv": [0, 2.9375, 0, 2.9375], "texture": "#2"},
				"south": {"uv": [0, 2.9375, 0, 2.9375], "texture": "#2"},
				"west": {"uv": [0, 2.9375, 0, 2.9375], "texture": "#2"},
				"up": {"uv": [0, 2.9375, 0, 2.9375], "texture": "#2"},
				"down": {"uv": [0, 2.9375, 0, 2.9375], "texture": "#2"}
			}
		},
		{
			"from": [6, 30, 7.75],
			"to": [12, 31.5, 8.25],
			"color": 6,
			"faces": {
				"north": {"uv": [0, 0, 6, 1.5], "texture": "#missing"},
				"east": {"uv": [0, 0, 0.5, 1.5], "texture": "#missing"},
				"south": {"uv": [0, 0, 6, 1.5], "texture": "#missing"},
				"west": {"uv": [0, 0, 0.5, 1.5], "texture": "#missing"},
				"up": {"uv": [0, 0, 6, 0.5], "texture": "#missing"},
				"down": {"uv": [0, 0, 6, 0.5], "texture": "#missing"}
			}
		},
		{
			"from": [3.5, 28, 7.75],
			"to": [11.25, 30, 8.25],
			"faces": {
				"north": {"uv": [0, 2.9375, 13, 15.9375], "texture": "#2"},
				"east": {"uv": [0, 2.9375, 13, 15.9375], "texture": "#2"},
				"south": {"uv": [0, 2.9375, 13, 15.9375], "texture": "#2"},
				"west": {"uv": [0, 2.9375, 13, 15.9375], "texture": "#2"},
				"up": {"uv": [0, 2.9375, 0, 2.9375], "texture": "#missing"},
				"down": {"uv": [16, 13.25, 16, 13.25], "texture": "#2"}
			}
		},
		{
			"from": [13.25, 28.75, 7.75],
			"to": [16.75, 29.75, 8.25],
			"faces": {
				"north": {"uv": [0, 2.9375, 13, 15.9375], "texture": "#2"},
				"east": {"uv": [0, 2.9375, 13, 15.9375], "texture": "#2"},
				"south": {"uv": [0, 2.9375, 13, 15.9375], "texture": "#2"},
				"west": {"uv": [0, 2.9375, 13, 15.9375], "texture": "#2"},
				"up": {"uv": [0, 2.9375, 0, 2.9375], "texture": "#2"},
				"down": {"uv": [0, 2.9375, 0, 2.9375], "texture": "#2"}
			}
		},
		{
			"from": [23.5, 21.75, 7.75],
			"to": [27, 22.75, 8.25],
			"rotation": {"angle": 22.5, "axis": "z", "origin": [0, 0, 0]},
			"faces": {
				"north": {"uv": [0, 2.9375, 13, 15.9375], "texture": "#2"},
				"east": {"uv": [0, 2.9375, 13, 15.9375], "texture": "#2"},
				"south": {"uv": [0, 2.9375, 13, 15.9375], "texture": "#2"},
				"west": {"uv": [0, 2.9375, 13, 15.9375], "texture": "#2"},
				"up": {"uv": [0, 2.9375, 0, 2.9375], "texture": "#2"},
				"down": {"uv": [0, 2.9375, 0, 2.9375], "texture": "#2"}
			}
		},
		{
			"from": [4.5, 24.5, 7.75],
			"to": [17.5, 26.5, 8.25],
			"rotation": {"angle": 22.5, "axis": "z", "origin": [0, 0, 0]},
			"faces": {
				"north": {"uv": [0, 2.9375, 13, 15.9375], "texture": "#2"},
				"east": {"uv": [0, 2.9375, 13, 15.9375], "texture": "#2"},
				"south": {"uv": [0, 2.9375, 13, 15.9375], "texture": "#2"},
				"west": {"uv": [0, 15.8125, 0, 15.8125], "texture": "#2"},
				"up": {"uv": [0, 2.9375, 0, 2.9375], "texture": "#2"},
				"down": {"uv": [16, 13.25, 16, 13.25], "texture": "#2"}
			}
		},
		{
			"from": [9.75, 20.5, 7.75],
			"to": [14.75, 22.5, 8.25],
			"rotation": {"angle": 45, "axis": "z", "origin": [0, 0, 0]},
			"faces": {
				"north": {"uv": [0, 2.9375, 13, 15.9375], "texture": "#2"},
				"east": {"uv": [0, 2.9375, 13, 15.9375], "texture": "#2"},
				"south": {"uv": [0, 2.9375, 13, 15.9375], "texture": "#2"},
				"west": {"uv": [0, 16, 0, 16], "texture": "#2"},
				"up": {"uv": [0, 2.9375, 0, 2.9375], "texture": "#2"},
				"down": {"uv": [16, 13.25, 16, 13.25], "texture": "#2"}
			}
		},
		{
			"from": [9, 20.5, 7.75],
			"to": [9.75, 22, 8.25],
			"rotation": {"angle": 45, "axis": "z", "origin": [0, 0, 0]},
			"faces": {
				"north": {"uv": [0, 2.9375, 13, 15.9375], "texture": "#2"},
				"east": {"uv": [0, 2.9375, 13, 15.9375], "texture": "#2"},
				"south": {"uv": [0, 2.9375, 13, 15.9375], "texture": "#2"},
				"west": {"uv": [0, 2.9375, 13, 15.9375], "texture": "#2"},
				"up": {"uv": [0, 2.9375, 0, 2.9375], "texture": "#2"},
				"down": {"uv": [16, 13.25, 16, 13.25], "texture": "#2"}
			}
		},
		{
			"from": [7.75, 20.5, 7.75],
			"to": [9, 21.5, 8.25],
			"rotation": {"angle": 45, "axis": "z", "origin": [0, 0, 0]},
			"faces": {
				"north": {"uv": [0, 2.9375, 13, 15.9375], "texture": "#2"},
				"east": {"uv": [0, 2.9375, 13, 15.9375], "texture": "#2"},
				"south": {"uv": [0, 2.9375, 13, 15.9375], "texture": "#2"},
				"west": {"uv": [0, 2.9375, 13, 15.9375], "texture": "#2"},
				"up": {"uv": [0, 2.9375, 0, 2.9375], "texture": "#2"},
				"down": {"uv": [16, 13.25, 16, 13.25], "texture": "#2"}
			}
		},
		{
			"from": [-7.5, 28, 7.5],
			"to": [1, 28.75, 8.5],
			"rotation": {"angle": -22.5, "axis": "z", "origin": [0, 0, 0]},
			"faces": {
				"north": {"uv": [0, 11.875, 0, 11.875], "texture": "#3"},
				"east": {"uv": [0, 11.875, 0, 11.875], "texture": "#3"},
				"south": {"uv": [0, 11.875, 0, 11.875], "texture": "#3"},
				"west": {"uv": [0, 11.875, 0, 11.875], "texture": "#3"},
				"up": {"uv": [0, 11.875, 0, 11.875], "texture": "#3"},
				"down": {"uv": [0, 11.875, 0, 11.875], "texture": "#3"}
			}
		},
		{
			"from": [11.75, 25, 7.5],
			"to": [17.75, 26.75, 7.75],
			"rotation": {"angle": 22.5, "axis": "z", "origin": [0, 0, 0]},
			"faces": {
				"north": {"uv": [0, 11.875, 0, 11.875], "texture": "#3"},
				"east": {"uv": [0, 11.875, 0, 11.875], "texture": "#3"},
				"south": {"uv": [0, 11.875, 0, 11.875], "texture": "#3"},
				"west": {"uv": [0, 11.875, 0, 11.875], "texture": "#3"},
				"up": {"uv": [0, 11.875, 0, 11.875], "texture": "#3"},
				"down": {"uv": [0, 11.875, 0, 11.875], "texture": "#3"}
			}
		},
		{
			"from": [6, 29.75, 8.25],
			"to": [13.5, 31.5, 8.5],
			"faces": {
				"north": {"uv": [0, 11.875, 0, 11.875], "texture": "#3"},
				"east": {"uv": [0, 11.875, 0, 11.875], "texture": "#3"},
				"south": {"uv": [0, 11.875, 0, 11.875], "texture": "#3"},
				"west": {"uv": [0, 11.875, 0, 11.875], "texture": "#3"},
				"up": {"uv": [0, 11.875, 0, 11.875], "texture": "#3"},
				"down": {"uv": [0, 11.875, 0, 11.875], "texture": "#3"}
			}
		},
		{
			"from": [6, 29.75, 7.5],
			"to": [13.5, 31.5, 7.75],
			"faces": {
				"north": {"uv": [0, 11.875, 0, 11.875], "texture": "#3"},
				"east": {"uv": [0, 11.875, 0, 11.875], "texture": "#3"},
				"south": {"uv": [0, 11.875, 0, 11.875], "texture": "#3"},
				"west": {"uv": [0, 11.875, 0, 11.875], "texture": "#3"},
				"up": {"uv": [0, 11.875, 0, 11.875], "texture": "#3"},
				"down": {"uv": [0, 11.875, 0, 11.875], "texture": "#3"}
			}
		},
		{
			"from": [11.75, 26.75, 7.5],
			"to": [17.75, 27, 8.5],
			"rotation": {"angle": 22.5, "axis": "z", "origin": [0, 0, 0]},
			"faces": {
				"north": {"uv": [0, 11.875, 0, 11.875], "rotation": 180, "texture": "#3"},
				"east": {"uv": [0, 11.875, 0, 11.875], "rotation": 180, "texture": "#3"},
				"south": {"uv": [0, 11.875, 0, 11.875], "rotation": 180, "texture": "#3"},
				"west": {"uv": [0, 11.875, 0, 11.875], "rotation": 180, "texture": "#3"},
				"up": {"uv": [0, 11.875, 0, 11.875], "rotation": 180, "texture": "#3"},
				"down": {"uv": [0, 11.875, 0, 11.875], "rotation": 180, "texture": "#3"}
			}
		},
		{
			"from": [6, 31.5, 7.5],
			"to": [13.75, 31.75, 8.5],
			"faces": {
				"north": {"uv": [0, 11.875, 0, 11.875], "rotation": 180, "texture": "#3"},
				"east": {"uv": [0, 11.875, 0, 11.875], "rotation": 180, "texture": "#3"},
				"south": {"uv": [0, 11.875, 0, 11.875], "rotation": 180, "texture": "#3"},
				"west": {"uv": [0, 11.875, 0, 11.875], "rotation": 180, "texture": "#3"},
				"up": {"uv": [0, 11.875, 0, 11.875], "rotation": 180, "texture": "#3"},
				"down": {"uv": [0, 11.875, 0, 11.875], "rotation": 180, "texture": "#3"}
			}
		},
		{
			"from": [11, -6.75, 7],
			"to": [13, -4.75, 9],
			"faces": {
				"north": {"uv": [0, 11.875, 0, 11.875], "rotation": 270, "texture": "#3"},
				"east": {"uv": [0, 11.875, 0, 11.875], "rotation": 270, "texture": "#3"},
				"south": {"uv": [0, 11.875, 0, 11.875], "rotation": 270, "texture": "#3"},
				"west": {"uv": [0, 11.875, 0, 11.875], "rotation": 270, "texture": "#3"},
				"up": {"uv": [0, 11.875, 0, 11.875], "rotation": 270, "texture": "#3"},
				"down": {"uv": [0, 11.875, 0, 11.875], "rotation": 270, "texture": "#3"}
			}
		},
		{
			"from": [13.5, 30.5, 7.5],
			"to": [13.75, 31.5, 8.5],
			"faces": {
				"north": {"uv": [0, 11.875, 0, 11.875], "rotation": 270, "texture": "#3"},
				"east": {"uv": [0, 11.875, 0, 11.875], "rotation": 270, "texture": "#3"},
				"south": {"uv": [0, 11.875, 0, 11.875], "rotation": 270, "texture": "#3"},
				"west": {"uv": [0, 11.875, 0, 11.875], "rotation": 270, "texture": "#3"},
				"up": {"uv": [0, 11.875, 0, 11.875], "rotation": 270, "texture": "#3"},
				"down": {"uv": [0, 11.875, 0, 11.875], "rotation": 270, "texture": "#3"}
			}
		},
		{
			"from": [11.75, 25, 8.25],
			"to": [17.75, 26.75, 8.5],
			"rotation": {"angle": 22.5, "axis": "z", "origin": [0, 0, 0]},
			"faces": {
				"north": {"uv": [0, 11.875, 0, 11.875], "texture": "#3"},
				"east": {"uv": [0, 11.875, 0, 11.875], "texture": "#3"},
				"south": {"uv": [0, 11.875, 0, 11.875], "texture": "#3"},
				"west": {"uv": [0, 11.875, 0, 11.875], "texture": "#3"},
				"up": {"uv": [0, 11.875, 0, 11.875], "texture": "#3"},
				"down": {"uv": [0, 11.875, 0, 11.875], "texture": "#3"}
			}
		},
		{
			"from": [11, 27, 6.75],
			"to": [13, 30, 7.25],
			"faces": {
				"north": {"uv": [0, 0, 0, 0], "texture": "#2"},
				"east": {"uv": [0, 0, 0, 0], "texture": "#2"},
				"south": {"uv": [0, 0, 0, 0], "texture": "#2"},
				"west": {"uv": [0, 0, 0, 0], "texture": "#2"},
				"up": {"uv": [0, 0, 0, 0], "texture": "#2"},
				"down": {"uv": [0, 0, 0, 0], "texture": "#2"}
			}
		},
		{
			"from": [11, 23, 6.75],
			"to": [13, 26, 7.25],
			"faces": {
				"north": {"uv": [0, 0, 0, 0], "texture": "#2"},
				"east": {"uv": [0, 0, 0, 0], "texture": "#2"},
				"south": {"uv": [0, 0, 0, 0], "texture": "#2"},
				"west": {"uv": [0, 0, 0, 0], "texture": "#2"},
				"up": {"uv": [0, 0, 0, 0], "texture": "#2"},
				"down": {"uv": [0, 0, 0, 0], "texture": "#2"}
			}
		},
		{
			"from": [11, 27, 8.75],
			"to": [13, 30, 9.25],
			"faces": {
				"north": {"uv": [0, 0, 0, 0], "texture": "#2"},
				"east": {"uv": [0, 0, 0, 0], "texture": "#2"},
				"south": {"uv": [0, 0, 0, 0], "texture": "#2"},
				"west": {"uv": [0, 0, 0, 0], "texture": "#2"},
				"up": {"uv": [0, 0, 0, 0], "texture": "#2"},
				"down": {"uv": [0, 0, 0, 0], "texture": "#2"}
			}
		},
		{
			"from": [11, 23, 8.75],
			"to": [13, 26, 9.25],
			"faces": {
				"north": {"uv": [0, 0, 0, 0], "texture": "#2"},
				"east": {"uv": [0, 0, 0, 0], "texture": "#2"},
				"south": {"uv": [0, 0, 0, 0], "texture": "#2"},
				"west": {"uv": [0, 0, 0, 0], "texture": "#2"},
				"up": {"uv": [0, 0, 0, 0], "texture": "#2"},
				"down": {"uv": [0, 0, 0, 0], "texture": "#2"}
			}
		},
		{
			"from": [10.75, 27, 7.25],
			"to": [11.25, 30, 8.75],
			"faces": {
				"north": {"uv": [0, 0, 0, 0], "texture": "#2"},
				"east": {"uv": [0, 0, 0, 0], "texture": "#2"},
				"south": {"uv": [0, 0, 0, 0], "texture": "#2"},
				"west": {"uv": [0, 0, 0, 0], "texture": "#2"},
				"up": {"uv": [0, 0, 0, 0], "texture": "#2"},
				"down": {"uv": [0, 0, 0, 0], "texture": "#2"}
			}
		},
		{
			"from": [10.75, 23, 7.25],
			"to": [11.25, 26, 8.75],
			"faces": {
				"north": {"uv": [0, 0, 0, 0], "texture": "#2"},
				"east": {"uv": [0, 0, 0, 0], "texture": "#2"},
				"south": {"uv": [0, 0, 0, 0], "texture": "#2"},
				"west": {"uv": [0, 0, 0, 0], "texture": "#2"},
				"up": {"uv": [0, 0, 0, 0], "texture": "#2"},
				"down": {"uv": [0, 0, 0, 0], "texture": "#2"}
			}
		},
		{
			"from": [12.75, 27, 7.25],
			"to": [13.25, 30, 8.75],
			"faces": {
				"north": {"uv": [0, 0, 0, 0], "texture": "#2"},
				"east": {"uv": [0, 0, 0, 0], "texture": "#2"},
				"south": {"uv": [0, 0, 0, 0], "texture": "#2"},
				"west": {"uv": [0, 0, 0, 0], "texture": "#2"},
				"up": {"uv": [0, 0, 0, 0], "texture": "#2"},
				"down": {"uv": [0, 0, 0, 0], "texture": "#2"}
			}
		},
		{
			"from": [12.75, 23, 7.25],
			"to": [13.25, 26, 8.75],
			"faces": {
				"north": {"uv": [0, 0, 0, 0], "texture": "#2"},
				"east": {"uv": [0, 0, 0, 0], "texture": "#2"},
				"south": {"uv": [0, 0, 0, 0], "texture": "#2"},
				"west": {"uv": [0, 0, 0, 0], "texture": "#2"},
				"up": {"uv": [0, 0, 0, 0], "texture": "#2"},
				"down": {"uv": [0, 0, 0, 0], "texture": "#2"}
			}
		},
		{
			"from": [11.5, 30.5, 8.5],
			"to": [12.5, 31.5, 8.75],
			"faces": {
				"north": {"uv": [13, 11.6875, 13, 11.6875], "texture": "#3"},
				"east": {"uv": [13, 11.6875, 13, 11.6875], "texture": "#3"},
				"south": {"uv": [13, 11.6875, 13, 11.6875], "texture": "#3"},
				"west": {"uv": [13, 11.6875, 13, 11.6875], "texture": "#3"},
				"up": {"uv": [13, 11.6875, 13, 11.6875], "texture": "#3"},
				"down": {"uv": [13, 11.6875, 13, 11.6875], "texture": "#3"}
			}
		},
		{
			"from": [11.5, 30.5, 7.25],
			"to": [12.5, 31.5, 7.5],
			"faces": {
				"north": {"uv": [13, 11.6875, 13, 11.6875], "texture": "#3"},
				"east": {"uv": [13, 11.6875, 13, 11.6875], "texture": "#3"},
				"south": {"uv": [13, 11.6875, 13, 11.6875], "texture": "#3"},
				"west": {"uv": [13, 11.6875, 13, 11.6875], "texture": "#3"},
				"up": {"uv": [13, 11.6875, 13, 11.6875], "texture": "#3"},
				"down": {"uv": [13, 11.6875, 13, 11.6875], "texture": "#3"}
			}
		}
	],
	"display": {
		"thirdperson_righthand": {
			"rotation": [-23.08, -79.56, -38.84],
			"translation": [0, 3.5, 0.25],
			"scale": [0.7, 0.7, 0.7]
		},
		"thirdperson_lefthand": {
			"rotation": [11.21, 89.31, 6.79],
			"translation": [0.25, 4, 0.75],
			"scale": [0.7, 0.7, 0.7]
		},
		"firstperson_righthand": {
			"rotation": [-108.9, -82.96, -90.46],
			"translation": [0, -3.75, 0]
		},
		"firstperson_lefthand": {
			"rotation": [39.05, 79.92, -52.9],
			"translation": [0, -4.25, 0]
		},
		"ground": {
			"rotation": [0, 0, 45],
			"translation": [0, 5, 0]
		},
		"gui": {
			"rotation": [0, 0, 49.25],
			"translation": [2.75, -4.25, 0],
			"scale": [0.7, 0.7, 0.7]
		},
		"head": {
			"scale": [0, 0, 0]
		},
		"fixed": {
			"rotation": [0, 0, 47.75]
		}
	}
}