{
	"credit": "Made with Blockbench",
	"textures": {
		"0": "item/texture32",
		"particle": "item/texture32"
	},
	"elements": [
		{
			"from": [4, 27, 0],
			"to": [12, 29, 2],
			"faces": {
				"north": {"uv": [3, 6, 3, 6], "texture": "#0"},
				"east": {"uv": [3, 6, 3, 6], "texture": "#0"},
				"south": {"uv": [3, 6, 3, 6], "texture": "#0"},
				"west": {"uv": [3, 6, 3, 6], "texture": "#0"},
				"up": {"uv": [3, 6, 3, 6], "texture": "#0"},
				"down": {"uv": [3, 6, 3, 6], "texture": "#0"}
			}
		},
		{
			"from": [4, 27, 14],
			"to": [12, 29, 16],
			"faces": {
				"north": {"uv": [3, 6, 3, 6], "texture": "#0"},
				"east": {"uv": [3, 6, 3, 6], "texture": "#0"},
				"south": {"uv": [3, 6, 3, 6], "texture": "#0"},
				"west": {"uv": [3, 6, 3, 6], "texture": "#0"},
				"up": {"uv": [3, 6, 3, 6], "texture": "#0"},
				"down": {"uv": [3, 6, 3, 6], "texture": "#0"}
			}
		},
		{
			"from": [0, 27, 4],
			"to": [2, 29, 12],
			"faces": {
				"north": {"uv": [3, 6, 3, 6], "texture": "#0"},
				"east": {"uv": [3, 6, 3, 6], "texture": "#0"},
				"south": {"uv": [3, 6, 3, 6], "texture": "#0"},
				"west": {"uv": [3, 6, 3, 6], "texture": "#0"},
				"up": {"uv": [3, 6, 3, 6], "texture": "#0"},
				"down": {"uv": [3, 6, 3, 6], "texture": "#0"}
			}
		},
		{
			"from": [14, 27, 4],
			"to": [16, 29, 12],
			"faces": {
				"north": {"uv": [3, 6, 3, 6], "texture": "#0"},
				"east": {"uv": [3, 6, 3, 6], "texture": "#0"},
				"south": {"uv": [3, 6, 3, 6], "texture": "#0"},
				"west": {"uv": [3, 6, 3, 6], "texture": "#0"},
				"up": {"uv": [3, 6, 3, 6], "texture": "#0"},
				"down": {"uv": [3, 6, 3, 6], "texture": "#0"}
			}
		},
		{
			"from": [12, 27, 12],
			"to": [14, 29, 14],
			"faces": {
				"north": {"uv": [3, 6, 3, 6], "rotation": 90, "texture": "#0"},
				"east": {"uv": [3, 6, 3, 6], "rotation": 90, "texture": "#0"},
				"south": {"uv": [3, 6, 3, 6], "rotation": 90, "texture": "#0"},
				"west": {"uv": [3, 6, 3, 6], "rotation": 90, "texture": "#0"},
				"up": {"uv": [3, 6, 3, 6], "rotation": 90, "texture": "#0"},
				"down": {"uv": [3, 6, 3, 6], "rotation": 90, "texture": "#0"}
			}
		},
		{
			"from": [12, 27, 2],
			"to": [14, 29, 4],
			"faces": {
				"north": {"uv": [3, 6, 3, 6], "rotation": 90, "texture": "#0"},
				"east": {"uv": [3, 6, 3, 6], "rotation": 90, "texture": "#0"},
				"south": {"uv": [3, 6, 3, 6], "rotation": 90, "texture": "#0"},
				"west": {"uv": [3, 6, 3, 6], "rotation": 90, "texture": "#0"},
				"up": {"uv": [3, 6, 3, 6], "rotation": 90, "texture": "#0"},
				"down": {"uv": [3, 6, 3, 6], "rotation": 90, "texture": "#0"}
			}
		},
		{
			"from": [2, 27, 2],
			"to": [4, 29, 4],
			"faces": {
				"north": {"uv": [3, 6, 3, 6], "rotation": 90, "texture": "#0"},
				"east": {"uv": [3, 6, 3, 6], "rotation": 90, "texture": "#0"},
				"south": {"uv": [3, 6, 3, 6], "rotation": 90, "texture": "#0"},
				"west": {"uv": [3, 6, 3, 6], "rotation": 90, "texture": "#0"},
				"up": {"uv": [3, 6, 3, 6], "rotation": 90, "texture": "#0"},
				"down": {"uv": [3, 6, 3, 6], "rotation": 90, "texture": "#0"}
			}
		},
		{
			"from": [2, 27, 12],
			"to": [4, 29, 14],
			"faces": {
				"north": {"uv": [3, 6, 3, 6], "rotation": 90, "texture": "#0"},
				"east": {"uv": [3, 6, 3, 6], "rotation": 90, "texture": "#0"},
				"south": {"uv": [3, 6, 3, 6], "rotation": 90, "texture": "#0"},
				"west": {"uv": [3, 6, 3, 6], "rotation": 90, "texture": "#0"},
				"up": {"uv": [3, 6, 3, 6], "rotation": 90, "texture": "#0"},
				"down": {"uv": [3, 6, 3, 6], "rotation": 90, "texture": "#0"}
			}
		}
	],
	"display": {
		"thirdperson_righthand": {
			"rotation": [-174, 90, 174],
			"translation": [0, 11.75, 0.5],
			"scale": [0, 0, 0]
		},
		"thirdperson_lefthand": {
			"rotation": [84.25, -90, 0],
			"translation": [-5.75, -1.5, 9.5],
			"scale": [0.75, 0.75, 0.75]
		},
		"firstperson_righthand": {
			"rotation": [-22.5, 90, 0],
			"translation": [0, 7.75, -2.75],
			"scale": [0, 0, 0]
		},
		"firstperson_lefthand": {
			"rotation": [-22.5, -90, 0],
			"translation": [0, 7.75, -2.75],
			"scale": [0, 0, 0]
		},
		"ground": {
			"translation": [0, -4.25, 0],
			"scale": [0.5, 0.5, 0.5]
		},
		"gui": {
			"rotation": [17.25, 88.75, -45],
			"translation": [0, -7.5, 0],
			"scale": [0.5, 0.5, 0.5]
		},
		"head": {
			"scale": [0, 0, 0]
		},
		"fixed": {
			"rotation": [17.25, 88.75, -45],
			"translation": [0, -5.5, 1.75],
			"scale": [0.5, 0.5, 0.6]
		}
	}
}